id,first_name,last_name,email,gender,ip_address
1,Powell,Surby,psurby0@quantcast.com,Male,123.176.61.29
2,Reidar,Colenutt,rcolenutt1@wikimedia.org,Male,186.105.235.165
3,Taryn,D'Elias,tdelias2@telegraph.co.uk,Female,96.88.198.101
4,Pandora,Brazel,pbrazel3@xinhuanet.com,Female,70.195.179.224
5,Leonanie,Fransemai,lfransemai4@state.tx.us,Female,206.44.40.159
6,Nannie,Wheater,nwheater5@state.gov,Female,42.52.124.42
7,Johann,Rustan,jrustan6@ucsd.edu,Male,193.150.101.53
8,Blair,Bruyett,bbruyett7@com.com,Female,52.89.115.208
9,Siward,Beevers,sbeevers8@examiner.com,Male,54.172.114.185
10,Helaine,Peterken,hpeterken9@mapy.cz,Female,82.142.159.215
11,Symon,Bernollet,sbernolleta@japanpost.jp,Male,234.33.100.142
12,Emmalee,Janowski,ejanowskib@noaa.gov,Agender,64.237.160.173
13,Murial,Douche,mdouchec@house.gov,Female,91.30.168.126
14,Christean,Blaik,cblaikd@admin.ch,Female,248.156.127.142
15,Olav,Berkely,oberkelye@exblog.jp,Male,161.44.162.207
16,Jordan,Keenlayside,jkeenlaysidef@cdbaby.com,Female,166.220.193.62
17,Albert,Szymonwicz,aszymonwiczg@behance.net,Male,22.35.201.140
18,Michaeline,Fellowes,mfellowesh@theguardian.com,Female,125.221.134.122
19,Casey,Bennellick,cbennellicki@twitter.com,Female,197.218.50.202
20,Linnea,Mogie,lmogiej@furl.net,Female,59.114.109.109
21,Tersina,Kerwood,tkerwoodk@blogs.com,Female,54.86.32.180
22,Keely,Kyles,kkylesl@go.com,Female,43.242.227.84
23,Ahmed,Skeates,askeatesm@xinhuanet.com,Male,175.96.68.62
24,Johna,Copeland,jcopelandn@bbb.org,Genderfluid,30.86.137.10
25,Veronique,Belchamp,vbelchampo@usatoday.com,Female,141.12.54.247
26,Flynn,Bruce,fbrucep@oaic.gov.au,Male,225.32.144.1
27,Garrard,Blues,gbluesq@smugmug.com,Male,90.63.77.204
28,Marc,Morgans,mmorgansr@smugmug.com,Male,233.135.198.46
29,Yolande,Trotter,ytrotters@linkedin.com,Female,110.124.198.173
30,Alfie,Arber,aarbert@symantec.com,Female,197.135.108.208
31,Renell,Murrhardt,rmurrhardtu@google.ca,Female,44.61.227.244
32,Lonnard,Petrowsky,lpetrowskyv@e-recht24.de,Male,239.20.218.31
33,Winfred,Glanz,wglanzw@wiley.com,Male,31.122.50.80
34,Lanette,Reynolds,lreynoldsx@ustream.tv,Female,72.154.50.5
35,Kalil,Tomkiss,ktomkissy@moonfruit.com,Male,13.253.165.48
36,Baxie,Older,bolderz@miibeian.gov.cn,Male,52.54.116.186
37,Windy,Lampens,wlampens10@youku.com,Female,38.164.232.144
38,Mathe,Nertney,mnertney11@jalbum.net,Male,204.90.216.127
39,Thornie,Pohls,tpohls12@last.fm,Male,171.110.28.81
40,Odette,Kilgour,okilgour13@google.ca,Female,248.94.244.194
41,Guenna,Grumbridge,ggrumbridge14@wix.com,Female,120.166.199.79
42,Berry,Fitter,bfitter15@ameblo.jp,Female,134.184.104.10
43,Nealson,Drissell,ndrissell16@scientificamerican.com,Male,7.90.168.35
44,Elroy,Daubney,edaubney17@sina.com.cn,Male,27.197.200.223
45,Lotta,Heavens,lheavens18@eventbrite.com,Female,104.50.112.72
46,Broderick,Odom,bodom19@alexa.com,Male,188.121.65.117
47,Hedvige,Uttermare,huttermare1a@biblegateway.com,Genderqueer,0.186.113.252
48,Lance,Vido,lvido1b@sohu.com,Male,56.19.170.110
49,Beatrice,Garmans,bgarmans1c@youku.com,Female,84.63.220.19
50,Keely,Natt,knatt1d@bluehost.com,Female,127.12.225.41
51,Biron,Scholey,bscholey1e@youtube.com,Male,107.169.213.113
52,Zorana,Oddboy,zoddboy1f@hubpages.com,Non-binary,106.53.8.245
53,Yoshi,Immings,yimmings1g@bloglovin.com,Female,109.79.237.162
54,Anett,Clipston,aclipston1h@hexun.com,Female,8.94.82.167
55,Zaria,Grannell,zgrannell1i@dion.ne.jp,Polygender,168.5.78.60
56,Nefen,Colnett,ncolnett1j@joomla.org,Male,136.32.60.31
57,Nobie,Swede,nswede1k@walmart.com,Male,7.81.130.171
58,Jilleen,Turbayne,jturbayne1l@exblog.jp,Female,161.6.180.52
59,Joey,Sisland,jsisland1m@vinaora.com,Female,29.179.192.39
60,Fair,Clutram,fclutram1n@guardian.co.uk,Male,135.98.248.47
61,Eyde,Stittle,estittle1o@geocities.com,Female,11.82.36.224
62,Amble,Chritchlow,achritchlow1p@netscape.com,Male,148.189.63.255
63,Sue,Caen,scaen1q@theguardian.com,Female,69.175.7.44
64,Tomaso,Smalman,tsmalman1r@europa.eu,Male,176.154.7.58
65,Townsend,Semarke,tsemarke1s@twitpic.com,Male,109.102.12.5
66,Inger,McCullagh,imccullagh1t@webnode.com,Female,97.235.32.203
67,Jackqueline,Petherick,jpetherick1u@unicef.org,Female,122.247.167.84
68,Kaja,McGinnis,kmcginnis1v@issuu.com,Female,135.184.98.207
69,Kale,Mc-Kerley,kmckerley1w@baidu.com,Male,43.185.78.18
70,Troy,Domeny,tdomeny1x@ft.com,Male,22.157.15.134
71,Karla,Kaspar,kkaspar1y@mac.com,Female,229.64.3.205
72,Korella,Lamborn,klamborn1z@nsw.gov.au,Female,138.162.165.144
73,Hubey,Diboll,hdiboll20@mtv.com,Genderqueer,165.59.135.131
74,Dael,Haffard,dhaffard21@diigo.com,Agender,113.16.252.137
75,Winnah,Goter,wgoter22@opera.com,Female,225.202.77.70
76,Berget,D'Ambrosio,bdambrosio23@simplemachines.org,Female,152.50.181.222
77,Pierce,Caffrey,pcaffrey24@reddit.com,Male,191.155.43.5
78,Brandy,Toquet,btoquet25@prweb.com,Female,89.89.202.144
79,Nicholas,Pryell,npryell26@house.gov,Male,129.13.47.136
80,Maryann,Dubose,mdubose27@noaa.gov,Female,229.161.194.88
81,Yves,Jentet,yjentet28@yellowpages.com,Male,85.238.149.211
82,Farlay,Clingoe,fclingoe29@google.ru,Genderqueer,145.233.8.194
83,Mikey,Trebble,mtrebble2a@oaic.gov.au,Male,164.17.32.40
84,Colly,Simenot,csimenot2b@epa.gov,Female,17.243.26.216
85,Dore,McDuffie,dmcduffie2c@multiply.com,Female,43.196.154.92
86,Cicily,Piccard,cpiccard2d@woothemes.com,Female,241.156.29.63
87,Donaugh,Wookey,dwookey2e@1und1.de,Male,206.229.136.109
88,Gilbertina,Colleer,gcolleer2f@oracle.com,Female,140.72.60.237
89,Lauren,McClory,lmcclory2g@bing.com,Male,98.182.155.210
90,Chrysa,Demelt,cdemelt2h@toplist.cz,Female,59.213.94.93
91,Ilka,Fouch,ifouch2i@wordpress.org,Agender,232.85.183.37
92,Philomena,Blance,pblance2j@oaic.gov.au,Female,76.27.110.28
93,Culley,Itscovitz,citscovitz2k@booking.com,Male,49.67.255.168
94,Jackson,Cansdale,jcansdale2l@bandcamp.com,Male,188.169.94.190
95,Daren,Hedaux,dhedaux2m@ft.com,Male,71.142.165.104
96,Morton,Rolston,mrolston2n@shop-pro.jp,Male,50.229.204.98
97,Domenico,Fall,dfall2o@whitehouse.gov,Male,79.137.140.178
98,Granthem,Curnick,gcurnick2p@google.co.uk,Male,126.3.103.21
99,Kinnie,Brimham,kbrimham2q@g.co,Male,156.241.240.51
100,Stanfield,Stannett,sstannett2r@dailymotion.com,Bigender,125.241.114.185
101,Gretna,Baverstock,gbaverstock2s@indiegogo.com,Female,250.55.38.24
102,Ami,Sturney,asturney2t@narod.ru,Female,218.116.220.77
103,Valenka,Murrie,vmurrie2u@techcrunch.com,Female,35.126.97.38
104,Maurise,Harraway,mharraway2v@abc.net.au,Female,42.168.114.8
105,Bealle,Faudrie,bfaudrie2w@ucoz.ru,Male,236.176.217.189
106,Madonna,Obispo,mobispo2x@livejournal.com,Female,32.73.70.22
107,Silvanus,Sydry,ssydry2y@dyndns.org,Male,234.25.133.86
108,Reynolds,Eyers,reyers2z@bloomberg.com,Male,58.145.208.66
109,Davita,Ambroix,dambroix30@joomla.org,Female,115.69.196.197
110,Feliza,Starsmeare,fstarsmeare31@yellowbook.com,Non-binary,181.236.138.203
111,Hendrick,Stroyan,hstroyan32@reddit.com,Male,129.140.229.136
112,Mathilde,Schnitter,mschnitter33@sitemeter.com,Female,180.126.28.85
113,Milzie,Cortnay,mcortnay34@booking.com,Female,23.242.121.105
114,Arney,Cisec,acisec35@amazon.com,Male,101.10.137.75
115,Deedee,Pharoah,dpharoah36@etsy.com,Female,163.38.145.26
116,Paulette,Chadbourn,pchadbourn37@desdev.cn,Female,143.18.76.232
117,Gretal,Comelli,gcomelli38@cargocollective.com,Female,12.240.106.148
118,Siobhan,Chafer,schafer39@noaa.gov,Female,56.209.48.189
119,Andy,Dibner,adibner3a@hatena.ne.jp,Female,21.87.3.84
120,Gabe,Anthill,ganthill3b@lulu.com,Male,190.125.167.67
121,Case,Hugett,chugett3c@home.pl,Non-binary,62.220.48.101
122,Karyl,Million,kmillion3d@state.tx.us,Female,232.173.108.77
123,Melva,Goldhawk,mgoldhawk3e@hao123.com,Female,60.156.18.97
124,Charo,Bechley,cbechley3f@wikia.com,Female,69.204.145.22
125,Ysabel,Seeds,yseeds3g@php.net,Female,123.133.212.209
126,Karlan,Gioani,kgioani3h@narod.ru,Male,216.168.158.54
127,Toinette,Meatyard,tmeatyard3i@spiegel.de,Female,101.165.25.147
128,Danna,Ainsworth,dainsworth3j@whitehouse.gov,Female,50.152.16.9
129,Francesco,Mougel,fmougel3k@nsw.gov.au,Male,29.140.12.192
130,Arman,Wolfe,awolfe3l@theguardian.com,Male,6.66.251.196
131,Smith,Durante,sdurante3m@economist.com,Male,218.114.211.44
132,Edward,Cruxton,ecruxton3n@state.tx.us,Male,165.171.249.195
133,Ode,McIlherran,omcilherran3o@alibaba.com,Male,226.85.28.84
134,Kort,Milazzo,kmilazzo3p@eepurl.com,Male,211.4.133.173
135,Jereme,Skehens,jskehens3q@360.cn,Male,69.36.44.54
136,Gus,MacKeague,gmackeague3r@acquirethisname.com,Male,130.35.49.2
137,Monti,Wiskar,mwiskar3s@fotki.com,Male,109.103.165.214
138,Kania,Siemens,ksiemens3t@mayoclinic.com,Agender,160.29.247.79
139,Standford,Dawtre,sdawtre3u@istockphoto.com,Male,146.236.122.81
140,Ashlan,Wrench,awrench3v@marriott.com,Female,169.29.136.240
141,Alexis,Yeowell,ayeowell3w@smugmug.com,Male,193.149.99.94
142,Chan,Draisey,cdraisey3x@quantcast.com,Male,133.10.231.14
143,Lynett,McFarlan,lmcfarlan3y@yahoo.com,Female,5.24.75.230
144,Gus,Fromont,gfromont3z@cyberchimps.com,Male,64.109.19.83
145,Jan,Doherty,jdoherty40@dedecms.com,Male,250.128.219.49
146,Zorana,Basnall,zbasnall41@booking.com,Female,7.99.61.28
147,Ellswerth,Prate,eprate42@hexun.com,Male,33.47.86.101
148,Edd,Tomowicz,etomowicz43@blinklist.com,Male,249.215.65.158
149,Shanan,Prothero,sprothero44@naver.com,Male,60.181.116.66
150,Say,Derrington,sderrington45@disqus.com,Male,71.62.93.182
151,David,Lowder,dlowder46@dropbox.com,Male,194.150.116.119
152,Clementina,Prosch,cprosch47@fc2.com,Female,108.162.151.83
153,Shanta,Look,slook48@miibeian.gov.cn,Female,244.170.29.178
154,Abigael,Scoone,ascoone49@google.cn,Female,232.83.231.178
155,Haydon,Quenell,hquenell4a@ow.ly,Male,243.135.243.238
156,Shelia,Applin,sapplin4b@hexun.com,Female,97.18.68.38
157,Arlyn,Brenton,abrenton4c@qq.com,Female,97.92.77.22
158,Megan,Fairlaw,mfairlaw4d@blogtalkradio.com,Female,58.226.38.176
159,Egor,Cornelissen,ecornelissen4e@soundcloud.com,Male,20.127.187.99
160,Efrem,Menichini,emenichini4f@cdbaby.com,Male,244.214.192.215
161,Cobbie,Heaslip,cheaslip4g@nsw.gov.au,Male,164.94.233.88
162,Corella,Rudgerd,crudgerd4h@spotify.com,Female,177.38.208.88
163,Brandie,Noto,bnoto4i@state.gov,Female,236.142.133.165
164,Eadmund,Janek,ejanek4j@senate.gov,Male,174.105.36.161
165,Delmor,Hinchon,dhinchon4k@woothemes.com,Male,160.255.27.248
166,Erny,Duckers,educkers4l@loc.gov,Male,129.216.179.36
167,Dotty,Rennox,drennox4m@msu.edu,Female,41.213.15.6
168,Magda,Pentland,mpentland4n@mediafire.com,Female,184.46.161.99
169,Spike,Vedenisov,svedenisov4o@desdev.cn,Male,208.182.241.112
170,Say,Combes,scombes4p@reuters.com,Male,45.139.69.157
171,Joan,Whisker,jwhisker4q@cbc.ca,Polygender,43.61.199.3
172,Kaspar,Orrill,korrill4r@facebook.com,Male,38.215.186.158
173,Marco,Rubra,mrubra4s@usnews.com,Male,157.165.160.118
174,Glynda,Cromb,gcromb4t@zimbio.com,Female,189.175.84.174
175,Farand,O'Farrell,fofarrell4u@alibaba.com,Female,171.37.72.248
176,Dorree,Cradduck,dcradduck4v@fastcompany.com,Female,9.184.121.31
177,Charlotta,Hedingham,chedingham4w@boston.com,Female,247.197.243.62
178,Kathy,Walsh,kwalsh4x@amazon.co.jp,Female,71.156.69.118
179,Joey,Joliffe,jjoliffe4y@comcast.net,Male,14.207.95.152
180,Gerri,Stretton,gstretton4z@salon.com,Male,27.139.211.240
181,Rosalinda,Ricardon,rricardon50@amazon.com,Female,142.51.155.176
182,Jerrold,O'Doireidh,jodoireidh51@about.com,Male,240.9.127.124
183,Bernice,Busek,bbusek52@example.com,Female,206.112.225.107
184,Klemens,Espinola,kespinola53@phpbb.com,Male,94.56.51.193
185,Tommy,Tomisch,ttomisch54@amazonaws.com,Male,147.131.184.110
186,Terese,Wilkennson,twilkennson55@printfriendly.com,Female,14.248.47.138
187,Winston,Cominoli,wcominoli56@who.int,Male,243.105.74.157
188,Darrick,Chesworth,dchesworth57@flickr.com,Male,221.51.183.220
189,Lothario,Nafziger,lnafziger58@blogs.com,Male,174.101.30.73
190,Udell,Darington,udarington59@exblog.jp,Male,254.76.224.77
191,Worth,Roly,wroly5a@comcast.net,Male,156.202.254.136
192,Julie,Marchand,jmarchand5b@yahoo.co.jp,Male,144.139.120.35
193,Maurise,Perrottet,mperrottet5c@xinhuanet.com,Male,15.171.167.160
194,Justinian,Catherall,jcatherall5d@cnet.com,Male,147.169.177.184
195,Agnesse,Board,aboard5e@marriott.com,Female,117.227.168.84
196,Omar,Ringe,oringe5f@cdbaby.com,Polygender,16.230.61.232
197,Alys,Lumpkin,alumpkin5g@ustream.tv,Female,232.167.222.102
198,Natale,Brett,nbrett5h@springer.com,Male,41.232.45.67
199,Vincenz,Joysey,vjoysey5i@live.com,Male,110.17.207.132
200,Dorie,Paskerful,dpaskerful5j@stanford.edu,Male,30.177.49.124
201,Arluene,Aucourte,aaucourte5k@weather.com,Female,158.215.99.33
202,Ado,Challicombe,achallicombe5l@geocities.com,Male,81.86.55.152
203,Nicola,Pim,npim5m@cbsnews.com,Female,164.149.125.197
204,Tobie,Clother,tclother5n@huffingtonpost.com,Male,182.52.78.146
205,Kayne,Gresty,kgresty5o@comsenz.com,Male,44.50.223.55
206,Madeline,Behrend,mbehrend5p@marriott.com,Non-binary,144.68.38.31
207,Kinsley,Ellins,kellins5q@fastcompany.com,Male,47.110.20.79
208,Howard,Banger,hbanger5r@fema.gov,Male,108.85.178.92
209,Anabella,Burchett,aburchett5s@google.cn,Female,157.175.65.208
210,Noami,Cowthart,ncowthart5t@latimes.com,Female,249.152.213.154
211,Richard,Fyall,rfyall5u@mysql.com,Male,78.55.19.57
212,Tish,Farney,tfarney5v@chronoengine.com,Bigender,104.18.24.114
213,Napoleon,Ohrt,nohrt5w@merriam-webster.com,Polygender,65.66.180.83
214,Lenard,Scemp,lscemp5x@zimbio.com,Male,235.127.210.49
215,Gillie,Whisson,gwhisson5y@rediff.com,Female,73.164.77.239
216,Afton,Siddons,asiddons5z@shareasale.com,Female,91.99.86.212
217,Stephen,Vile,svile60@earthlink.net,Male,19.157.61.162
218,Cully,Vlach,cvlach61@nih.gov,Male,39.150.237.140
219,Sadye,Jeafferson,sjeafferson62@ucoz.ru,Female,13.152.164.139
220,Ephrem,Pristnor,epristnor63@ebay.com,Male,63.158.222.32
221,Doralynn,Tumasian,dtumasian64@g.co,Female,13.95.96.51
222,Gussie,Verbrugghen,gverbrugghen65@ovh.net,Female,202.38.220.183
223,Avril,Moulster,amoulster66@squarespace.com,Female,91.1.13.179
224,Kristopher,Fincken,kfincken67@acquirethisname.com,Male,147.213.5.230
225,Jeniffer,Rootes,jrootes68@csmonitor.com,Female,186.39.69.4
226,Lola,Jedrych,ljedrych69@printfriendly.com,Female,116.111.237.150
227,Mignonne,Amy,mamy6a@newsvine.com,Female,156.193.201.98
228,Kimberli,Shortt,kshortt6b@imdb.com,Female,40.131.88.64
229,Madalena,Paviour,mpaviour6c@odnoklassniki.ru,Polygender,121.237.155.255
230,Isaak,Burvill,iburvill6d@tripod.com,Male,163.194.248.14
231,Stefano,Crisford,scrisford6e@google.co.jp,Male,10.110.237.53
232,Joe,Cruttenden,jcruttenden6f@bloglovin.com,Male,214.64.54.132
233,Gene,Grimmett,ggrimmett6g@reddit.com,Polygender,36.66.182.159
234,Fianna,Garlicke,fgarlicke6h@naver.com,Female,54.150.149.101
235,Vanni,Luciani,vluciani6i@tinypic.com,Female,166.37.100.227
236,Odetta,Essex,oessex6j@i2i.jp,Female,26.103.185.101
237,Daryn,Kelwaybamber,dkelwaybamber6k@jigsy.com,Female,35.229.192.180
238,Calla,Phizacklea,cphizacklea6l@is.gd,Female,19.72.145.54
239,Killie,Theze,ktheze6m@vinaora.com,Male,116.119.105.46
240,Hershel,Fullilove,hfullilove6n@taobao.com,Male,143.135.1.11
241,Rodolph,Maps,rmaps6o@fotki.com,Genderfluid,0.141.254.134
242,Flint,Loncaster,floncaster6p@imgur.com,Male,70.42.188.123
243,Sheffie,McGinley,smcginley6q@bbb.org,Genderqueer,67.229.205.124
244,Cariotta,Dutson,cdutson6r@seesaa.net,Female,217.34.174.140
245,Farrell,Tillman,ftillman6s@smh.com.au,Genderqueer,123.24.139.228
246,Liane,Hothersall,lhothersall6t@hao123.com,Female,55.75.132.155
247,Kassey,Moro,kmoro6u@nasa.gov,Female,63.112.27.61
248,Lou,Dickerline,ldickerline6v@mtv.com,Male,100.233.191.247
249,Adelle,Bouts,abouts6w@skype.com,Female,106.16.188.180
250,Leigh,Kennaway,lkennaway6x@phpbb.com,Female,78.142.141.246
251,Lanny,Kemmons,lkemmons6y@opera.com,Male,135.198.61.207
252,Joye,Durrans,jdurrans6z@house.gov,Female,178.221.168.69
253,Leigh,Castellone,lcastellone70@bigcartel.com,Male,105.108.59.11
254,Thibaut,Gobert,tgobert71@wordpress.org,Male,147.15.106.23
255,Wilone,Northeast,wnortheast72@hugedomains.com,Polygender,108.228.43.61
256,Chad,Yanshin,cyanshin73@marketwatch.com,Male,67.247.28.124
257,Dietrich,Belsey,dbelsey74@sitemeter.com,Male,179.64.126.176
258,Shel,Goldsack,sgoldsack75@columbia.edu,Bigender,153.55.224.252
259,Feliza,Piola,fpiola76@networkadvertising.org,Female,31.75.52.89
260,Consolata,Curror,ccurror77@gravatar.com,Female,209.35.177.33
261,Roberto,Bason,rbason78@example.com,Male,55.252.211.248
262,Penelopa,Buckston,pbuckston79@4shared.com,Female,18.74.74.32
263,Tessa,Sleight,tsleight7a@xing.com,Female,145.93.158.182
264,Heidie,Tissiman,htissiman7b@ted.com,Female,13.148.227.76
265,Jarrett,MacCallum,jmaccallum7c@auda.org.au,Genderfluid,121.29.23.119
266,Amitie,Sydes,asydes7d@unesco.org,Female,37.153.172.49
267,Salem,Dupre,sdupre7e@ucoz.ru,Male,184.52.183.120
268,Meridel,Hubert,mhubert7f@sbwire.com,Female,237.52.137.191
269,Brenda,Walmsley,bwalmsley7g@si.edu,Female,29.176.247.63
270,Pyotr,Friel,pfriel7h@go.com,Male,161.75.83.138
271,Roxy,Luckett,rluckett7i@domainmarket.com,Female,24.108.224.215
272,Jordan,Wehden,jwehden7j@delicious.com,Male,240.145.19.61
273,Ardyth,Pykett,apykett7k@etsy.com,Female,31.38.68.116
274,Tisha,Boards,tboards7l@imageshack.us,Female,5.192.167.117
275,Sib,Vaen,svaen7m@cbslocal.com,Female,62.124.142.99
276,Meyer,Musson,mmusson7n@kickstarter.com,Genderqueer,66.84.121.206
277,Ranice,Kamenar,rkamenar7o@blinklist.com,Female,168.173.42.180
278,Maurine,Lamont,mlamont7p@drupal.org,Female,199.231.12.78
279,Kalila,Sneddon,ksneddon7q@tripod.com,Female,192.186.245.41
280,Jackqueline,Faux,jfaux7r@answers.com,Female,36.171.179.92
281,Alric,Simonin,asimonin7s@cyberchimps.com,Male,193.252.169.137
282,Edan,Poll,epoll7t@princeton.edu,Male,154.113.182.230
283,Boniface,Atte-Stone,battestone7u@yellowbook.com,Male,78.107.220.65
284,Zondra,Cazin,zcazin7v@slideshare.net,Female,155.213.16.170
285,Onfroi,Hedden,ohedden7w@ask.com,Male,116.63.150.35
286,Aland,Rawdales,arawdales7x@oracle.com,Male,176.43.121.143
287,Matty,Izkoveski,mizkoveski7y@netscape.com,Female,0.186.118.243
288,Jan,Goshawk,jgoshawk7z@tinyurl.com,Female,61.187.147.201
289,Elmer,Barsam,ebarsam80@slashdot.org,Male,173.23.217.109
290,Sherman,Schild,sschild81@sourceforge.net,Male,140.245.9.67
291,Abigail,Kirwan,akirwan82@amazon.co.jp,Female,237.183.226.29
292,Wolf,Bourgour,wbourgour83@cbc.ca,Male,156.11.241.143
293,Ambrose,Ozelton,aozelton84@hibu.com,Male,16.11.82.77
294,Ailee,Kiddey,akiddey85@angelfire.com,Female,155.117.164.240
295,Florenza,Simyson,fsimyson86@buzzfeed.com,Female,125.246.192.1
296,Gale,Faltin,gfaltin87@nsw.gov.au,Male,239.245.253.127
297,Alexander,Methuen,amethuen88@google.ca,Male,204.192.69.38
298,Tonnie,Turnock,tturnock89@netscape.com,Bigender,25.104.216.97
299,Wyndham,Neiland,wneiland8a@theglobeandmail.com,Male,78.5.45.43
300,Cristian,O'Halleghane,cohalleghane8b@zimbio.com,Male,97.254.27.27
301,Weber,Denecamp,wdenecamp8c@fda.gov,Male,194.54.57.86
302,Dylan,Habben,dhabben8d@webeden.co.uk,Male,3.172.225.237
303,Lori,Sherington,lsherington8e@smh.com.au,Genderqueer,102.132.86.47
304,Umeko,Maile,umaile8f@example.com,Female,234.51.192.151
305,Kipp,Clowley,kclowley8g@eventbrite.com,Male,155.103.219.20
306,Kaylee,Devanny,kdevanny8h@exblog.jp,Female,45.58.143.214
307,Fannie,Ghio,fghio8i@constantcontact.com,Female,160.75.64.52
308,Antoine,Cuchey,acuchey8j@squarespace.com,Male,96.251.135.99
309,Ludwig,Habishaw,lhabishaw8k@dot.gov,Male,252.186.205.188
310,Bradford,Rossant,brossant8l@sfgate.com,Male,124.44.188.129
311,Galven,Inchley,ginchley8m@blogtalkradio.com,Male,103.168.9.232
312,Gaelan,McGiveen,gmcgiveen8n@google.nl,Male,59.247.223.117
313,Giffy,Shepeard,gshepeard8o@marriott.com,Male,139.39.199.241
314,Maddie,Huett,mhuett8p@mtv.com,Male,213.67.138.230
315,Lorry,Llop,lllop8q@reference.com,Male,207.164.247.112
316,Base,Bromfield,bbromfield8r@cdbaby.com,Male,93.73.142.73
317,Ardelia,Konneke,akonneke8s@hostgator.com,Female,172.173.17.241
318,Tucky,Mayho,tmayho8t@chronoengine.com,Male,242.143.129.44
319,Lani,Meenan,lmeenan8u@over-blog.com,Female,242.10.28.68
320,Fanchon,Killingbeck,fkillingbeck8v@cdbaby.com,Female,197.41.22.252
321,Gwendolen,Meany,gmeany8w@harvard.edu,Female,234.141.125.208
322,Walker,Tussaine,wtussaine8x@addtoany.com,Male,79.195.46.40
323,Gerrie,MacSherry,gmacsherry8y@cocolog-nifty.com,Female,130.213.130.80
324,Mikol,O'Grady,mogrady8z@unc.edu,Male,37.114.218.27
325,Laverne,Arnaudi,larnaudi90@auda.org.au,Female,185.22.222.55
326,Mycah,Cuningham,mcuningham91@discuz.net,Male,222.195.24.202
327,Nickey,deKnevet,ndeknevet92@fotki.com,Male,176.254.42.25
328,Gearalt,Gibling,ggibling93@msu.edu,Male,91.218.22.230
329,Aila,Bengoechea,abengoechea94@woothemes.com,Female,176.49.87.252
330,Gabriele,Woodland,gwoodland95@hubpages.com,Male,0.186.86.190
331,Wini,Davidsohn,wdavidsohn96@rediff.com,Female,124.204.184.16
332,Tamara,Goodrick,tgoodrick97@howstuffworks.com,Female,39.135.113.20
333,Chrissy,Bonin,cbonin98@phoca.cz,Female,27.146.232.170
334,Lion,Scouller,lscouller99@amazon.co.jp,Male,98.69.130.141
335,Ulrick,Hadenton,uhadenton9a@dailymotion.com,Male,247.210.195.131
336,Georgine,Paolo,gpaolo9b@eventbrite.com,Female,187.99.66.62
337,Ashleigh,Coggin,acoggin9c@vkontakte.ru,Female,45.23.120.104
338,Rosaline,Knok,rknok9d@archive.org,Female,165.231.68.47
339,Yelena,Hooke,yhooke9e@noaa.gov,Female,156.50.224.128
340,Dulcine,Genthner,dgenthner9f@businessinsider.com,Female,33.219.5.65
341,Margeaux,Castanie,mcastanie9g@mozilla.org,Female,120.176.236.147
342,Levon,Marder,lmarder9h@trellian.com,Male,24.235.62.227
343,Michal,Koppes,mkoppes9i@123-reg.co.uk,Genderqueer,28.53.165.207
344,Shannan,Seak,sseak9j@businessweek.com,Male,51.138.150.123
345,Bertrand,Hrishanok,bhrishanok9k@weibo.com,Male,190.19.253.228
346,Ted,Bowmaker,tbowmaker9l@businessinsider.com,Male,10.46.66.106
347,Walden,Janik,wjanik9m@nymag.com,Male,248.123.218.160
348,Ransom,Marris,rmarris9n@hibu.com,Male,29.215.228.107
349,Holly,Sherbrooke,hsherbrooke9o@nature.com,Male,187.203.185.251
350,Blake,Ambrozik,bambrozik9p@nsw.gov.au,Male,76.0.165.25
351,Valma,Lawtie,vlawtie9q@mlb.com,Female,193.162.105.17
352,Perri,Delle,pdelle9r@wufoo.com,Female,75.51.208.132
353,Henderson,Guslon,hguslon9s@guardian.co.uk,Male,105.171.209.144
354,Bobette,Shipsey,bshipsey9t@about.me,Female,235.146.226.29
355,Linette,Mayor,lmayor9u@mtv.com,Female,15.93.146.228
356,Devy,Sliman,dsliman9v@icio.us,Male,51.254.56.240
357,Ingemar,Plaistowe,iplaistowe9w@cornell.edu,Male,11.21.246.123
358,Cass,Burles,cburles9x@mayoclinic.com,Male,65.130.168.178
359,Douglas,Geraghty,dgeraghty9y@hubpages.com,Male,220.90.220.122
360,Mischa,Pedersen,mpedersen9z@devhub.com,Male,119.189.164.10
361,Anders,Evason,aevasona0@google.nl,Male,139.104.70.170
362,Bondon,Alelsandrowicz,balelsandrowicza1@epa.gov,Male,69.141.74.123
363,Daniela,Towson,dtowsona2@netvibes.com,Female,109.215.64.166
364,Rickie,Bason,rbasona3@nydailynews.com,Female,122.238.137.215
365,Reinhard,Sunnex,rsunnexa4@cam.ac.uk,Male,126.253.180.124
366,Evelyn,Huggen,ehuggena5@dailymotion.com,Female,158.70.195.61
367,Tyrone,White,twhitea6@hibu.com,Bigender,213.206.101.205
368,Aaren,Bondley,abondleya7@dyndns.org,Female,132.58.71.209
369,Shandy,Thouless,sthoulessa8@shutterfly.com,Agender,56.177.110.196
370,Markos,Kinnier,mkinniera9@guardian.co.uk,Male,191.242.149.119
371,Georgianne,Cawcutt,gcawcuttaa@miibeian.gov.cn,Female,124.94.212.164
372,Roderick,Randales,rrandalesab@webmd.com,Male,185.59.100.94
373,Fara,Laverack,flaverackac@harvard.edu,Female,37.104.93.186
374,Talbot,Eccott,teccottad@hugedomains.com,Male,201.125.146.34
375,Sybille,Trinder,strinderae@photobucket.com,Female,90.222.82.34
376,Hermione,Panner,hpanneraf@youtu.be,Female,75.83.233.223
377,Anatola,Hawse,ahawseag@simplemachines.org,Female,59.83.239.39
378,Izabel,Brisland,ibrislandah@berkeley.edu,Female,219.53.84.28
379,Kalli,Sirr,ksirrai@furl.net,Female,107.103.104.80
380,Nicky,Bockler,nbockleraj@epa.gov,Male,5.146.226.140
381,Heddi,Kerswill,hkerswillak@epa.gov,Female,247.44.105.204
382,Pascal,Pennicott,ppennicottal@microsoft.com,Male,47.213.35.133
383,Calhoun,Steptoe,csteptoeam@feedburner.com,Male,192.130.39.42
384,Arch,McKissack,amckissackan@wikipedia.org,Male,45.98.196.197
385,Glynis,Bartak,gbartakao@ucla.edu,Female,85.42.170.224
386,Melonie,Lascelles,mlascellesap@smh.com.au,Genderqueer,198.145.183.236
387,Gabriell,Tellett,gtellettaq@google.com,Female,67.159.42.232
388,Minta,Treby,mtrebyar@trellian.com,Female,22.54.41.230
389,Adelind,Monshall,amonshallas@storify.com,Female,115.29.225.220
390,Parnell,Oliffe,poliffeat@mlb.com,Male,159.50.46.124
391,Alia,McAdam,amcadamau@smugmug.com,Female,193.98.102.156
392,Kelly,Lorkings,klorkingsav@dailymotion.com,Genderqueer,42.65.237.201
393,Thomasine,Zorener,tzoreneraw@drupal.org,Female,117.230.211.7
394,Gaylor,Buyers,gbuyersax@blog.com,Genderfluid,45.113.216.102
395,Patrica,Oldale,poldaleay@sogou.com,Genderqueer,47.84.69.137
396,Carney,Doale,cdoaleaz@indiegogo.com,Male,75.254.172.227
397,Danya,Fronczak,dfronczakb0@ed.gov,Male,197.69.200.123
398,Eleni,Skocroft,eskocroftb1@hud.gov,Female,4.215.0.16
399,Enid,Balffye,ebalffyeb2@hatena.ne.jp,Female,84.170.192.86
400,Rosina,Pedwell,rpedwellb3@issuu.com,Female,156.11.205.52
401,Noby,Crispin,ncrispinb4@sakura.ne.jp,Male,35.90.19.173
402,Merwyn,Orring,morringb5@marketwatch.com,Male,147.96.237.79
403,Elisa,Cleynaert,ecleynaertb6@redcross.org,Genderfluid,215.42.5.8
404,Lenna,Heppenspall,lheppenspallb7@earthlink.net,Female,137.199.104.134
405,Brice,Pywell,bpywellb8@illinois.edu,Male,153.7.147.110
406,Jarred,Garrood,jgarroodb9@buzzfeed.com,Male,84.189.36.81
407,Cicily,Tokley,ctokleyba@nydailynews.com,Female,240.232.163.199
408,Constantine,Clampin,cclampinbb@4shared.com,Male,171.76.174.3
409,Maryanne,Pimlock,mpimlockbc@europa.eu,Female,90.26.12.148
410,Abie,Gavozzi,agavozzibd@howstuffworks.com,Male,129.105.40.74
411,Irv,Dougal,idougalbe@theglobeandmail.com,Male,196.118.154.185
412,Ernaline,Moorrud,emoorrudbf@desdev.cn,Female,99.61.105.105
413,Sandor,Haccleton,shaccletonbg@youku.com,Male,12.195.205.152
414,Lucas,Simeoni,lsimeonibh@cmu.edu,Male,250.198.219.160
415,Lanae,Darracott,ldarracottbi@yelp.com,Female,75.68.208.178
416,Lammond,Morby,lmorbybj@icq.com,Male,173.98.238.185
417,Virgina,Monteaux,vmonteauxbk@sourceforge.net,Female,53.3.222.2
418,Kevan,Egle,keglebl@reference.com,Male,59.55.225.5
419,Zeb,Christaeas,zchristaeasbm@drupal.org,Male,117.158.66.134
420,Letti,Keep,lkeepbn@chronoengine.com,Female,239.62.120.18
421,Corny,Flament,cflamentbo@amazon.co.jp,Male,171.77.225.176
422,Viviana,Wheelband,vwheelbandbp@narod.ru,Female,13.8.127.255
423,Gregorius,Ricold,gricoldbq@fda.gov,Male,209.214.35.215
424,Kerstin,Swinglehurst,kswinglehurstbr@i2i.jp,Female,211.160.6.15
425,Falito,Crinkley,fcrinkleybs@vkontakte.ru,Male,210.141.78.106
426,Constantine,Lehrer,clehrerbt@woothemes.com,Male,254.42.29.211
427,Brennen,Walster,bwalsterbu@ucla.edu,Genderqueer,194.244.56.167
428,Marthe,Mapis,mmapisbv@reddit.com,Female,76.112.42.9
429,Inesita,Kleinber,ikleinberbw@xinhuanet.com,Female,179.249.108.55
430,Major,Wade,mwadebx@goo.ne.jp,Male,193.237.128.95
431,Cristen,Peracco,cperaccoby@yellowpages.com,Female,219.185.158.36
432,Hyacinthie,Oakeshott,hoakeshottbz@patch.com,Female,2.152.88.48
433,Annecorinne,Pringer,apringerc0@blinklist.com,Female,245.163.149.88
434,Hermann,Sydes,hsydesc1@shareasale.com,Male,192.102.85.245
435,Salvidor,Minthorpe,sminthorpec2@pagesperso-orange.fr,Male,242.34.120.188
436,Renaud,Elcock,relcockc3@hugedomains.com,Male,214.178.77.123
437,Karna,Gebhardt,kgebhardtc4@census.gov,Female,159.244.150.232
438,Nickolai,Haggard,nhaggardc5@artisteer.com,Bigender,46.70.171.34
439,Corina,Copper,ccopperc6@amazon.de,Female,211.34.140.46
440,Lorena,Ludovico,lludovicoc7@ovh.net,Female,108.117.233.168
441,Lorita,Rhucroft,lrhucroftc8@census.gov,Female,87.131.134.176
442,Ches,Sterman,cstermanc9@princeton.edu,Male,150.23.130.85
443,Eleanore,Westhead,ewestheadca@indiatimes.com,Female,128.228.95.15
444,Fidole,Yexley,fyexleycb@illinois.edu,Male,133.171.68.102
445,Jared,Balderson,jbaldersoncc@ed.gov,Male,46.137.183.205
446,Kore,Spellworth,kspellworthcd@netvibes.com,Female,157.56.18.91
447,Gerald,Molloy,gmolloyce@tiny.cc,Male,149.217.125.233
448,Noe,Jobbings,njobbingscf@google.co.uk,Polygender,131.69.62.197
449,Findley,Albiston,falbistoncg@ezinearticles.com,Male,232.194.33.188
450,Giorgia,Croan,gcroanch@ucla.edu,Female,195.152.126.192
451,Abbe,Mooreed,amooreedci@oaic.gov.au,Genderqueer,82.146.230.194
452,Cecilia,Iddiens,ciddienscj@ox.ac.uk,Female,227.152.41.66
453,Mahmoud,Torbet,mtorbetck@bluehost.com,Male,147.153.44.100
454,Chrystel,Gounard,cgounardcl@cloudflare.com,Female,59.64.163.181
455,Alexander,Strank,astrankcm@cbc.ca,Male,82.97.193.24
456,Claudine,Deegan,cdeegancn@smugmug.com,Female,153.151.7.225
457,Pedro,Jeannenet,pjeannenetco@stumbleupon.com,Male,167.196.90.36
458,Anderson,Clerke,aclerkecp@meetup.com,Male,77.122.157.227
459,Phyllys,Antoney,pantoneycq@amazon.com,Female,207.180.111.5
460,Petr,Spittles,pspittlescr@nba.com,Polygender,27.144.171.202
461,Jorgan,Bigadike,jbigadikecs@auda.org.au,Agender,142.51.164.168
462,Chancey,Cavanagh,ccavanaghct@wikimedia.org,Male,19.114.111.8
463,Bink,Ivantsov,bivantsovcu@jimdo.com,Male,198.180.56.68
464,Tierney,Bark,tbarkcv@dell.com,Female,138.46.134.172
465,Emlen,Strode,estrodecw@nytimes.com,Male,232.127.219.124
466,Roseline,Christall,rchristallcx@accuweather.com,Female,164.92.161.158
467,Rodney,Ravelus,rraveluscy@icq.com,Male,228.243.64.51
468,Levy,Teager,lteagercz@npr.org,Male,245.144.22.188
469,Jillian,Joder,jjoderd0@usatoday.com,Female,59.196.249.48
470,Brinna,Lorentz,blorentzd1@wordpress.com,Female,226.20.178.179
471,Ethelda,Abramovici,eabramovicid2@house.gov,Female,52.212.200.51
472,Tremayne,Brunnen,tbrunnend3@loc.gov,Bigender,110.124.160.71
473,Helli,Roycroft,hroycroftd4@zdnet.com,Female,155.145.177.35
474,Madlen,Oliveto,molivetod5@ifeng.com,Non-binary,252.45.34.93
475,Elva,Tabart,etabartd6@google.co.uk,Female,252.186.90.191
476,Jemimah,Culshew,jculshewd7@tumblr.com,Female,183.90.153.5
477,Stephannie,Jancar,sjancard8@jugem.jp,Female,90.124.16.99
478,Jorge,Breckin,jbreckind9@gmpg.org,Male,200.239.116.15
479,Codi,Daughtery,cdaughteryda@imdb.com,Female,4.94.130.215
480,Roslyn,Beric,rbericdb@europa.eu,Female,60.143.243.206
481,Janella,Haddick,jhaddickdc@about.com,Female,112.64.13.103
482,Emelda,Goodredge,egoodredgedd@house.gov,Female,156.161.235.51
483,Tammy,Coase,tcoasede@census.gov,Male,96.150.147.212
484,Heindrick,Normavill,hnormavilldf@about.com,Male,254.29.169.159
485,Emelen,Dennehy,edennehydg@google.es,Male,77.47.207.14
486,Isiahi,Bruhnke,ibruhnkedh@lycos.com,Male,201.251.69.109
487,Marylou,Kidds,mkiddsdi@mac.com,Female,51.133.146.185
488,Nahum,Fedorchenko,nfedorchenkodj@themeforest.net,Male,17.86.181.62
489,Nanon,Bettison,nbettisondk@pen.io,Female,144.85.237.209
490,Ignace,Copestick,icopestickdl@cargocollective.com,Male,44.175.253.42
491,Lucias,Waliszek,lwaliszekdm@hud.gov,Male,204.69.181.234
492,Quent,Ethridge,qethridgedn@qq.com,Male,21.241.242.213
493,Kile,Mogford,kmogforddo@netvibes.com,Male,94.19.70.92
494,Husein,Pavek,hpavekdp@sitemeter.com,Male,19.127.25.126
495,Sloane,Pettiward,spettiwarddq@hao123.com,Male,111.25.162.13
496,Holt,Cobleigh,hcobleighdr@apple.com,Male,63.153.115.121
497,Ravid,Baudinot,rbaudinotds@unblog.fr,Male,108.1.48.117
498,Buddie,Dominighi,bdominighidt@moonfruit.com,Male,26.15.63.130
499,Justina,Sawley,jsawleydu@yahoo.com,Female,140.10.105.182
500,Max,Halley,mhalleydv@github.io,Male,180.48.172.53
501,Siegfried,Whitington,swhitingtondw@hexun.com,Male,60.160.33.225
502,Erskine,Dimblebee,edimblebeedx@devhub.com,Male,3.28.28.45
503,Claiborne,Chapling,cchaplingdy@wikispaces.com,Male,175.140.81.223
504,Nolana,Tangye,ntangyedz@infoseek.co.jp,Bigender,180.40.9.77
505,Stuart,Atcheson,satchesone0@shinystat.com,Male,47.228.242.50
506,Johnathan,Jamieson,jjamiesone1@virginia.edu,Male,194.80.199.60
507,Ashton,Luckings,aluckingse2@rambler.ru,Male,203.8.69.94
508,Nissie,Scargill,nscargille3@tiny.cc,Female,30.3.111.188
509,Wittie,Petford,wpetforde4@bizjournals.com,Male,67.37.152.213
510,Raddie,Holdin,rholdine5@smugmug.com,Male,29.119.254.180
511,Trevor,Petschelt,tpetschelte6@google.co.uk,Male,21.113.234.76
512,Audry,Tregunna,atregunnae7@t.co,Female,124.75.78.73
513,Aimee,Giblett,agiblette8@delicious.com,Female,37.94.28.91
514,Charin,Brigg,cbrigge9@rediff.com,Female,239.191.45.17
515,Dona,Petrosian,dpetrosianea@com.com,Female,20.217.155.92
516,Issi,Lauderdale,ilauderdaleeb@biblegateway.com,Female,97.40.141.180
517,Rosabelle,Lansly,rlanslyec@usa.gov,Female,24.99.114.179
518,Gilberto,Delves,gdelvesed@hatena.ne.jp,Male,31.32.102.46
519,Katrine,Grimmert,kgrimmertee@hatena.ne.jp,Female,113.46.215.8
520,Gardner,Barkshire,gbarkshireef@mashable.com,Male,93.201.170.173
521,Joceline,Lockney,jlockneyeg@microsoft.com,Female,225.173.110.239
522,Anneliese,Rigglesford,arigglesfordeh@weather.com,Female,97.164.179.228
523,Herschel,Yeoman,hyeomanei@yale.edu,Male,185.64.74.30
524,Allianora,Jaffrey,ajaffreyej@yellowbook.com,Female,0.52.252.80
525,Harriot,Leeburne,hleeburneek@tripod.com,Female,255.71.252.69
526,Evey,Hadwin,ehadwinel@mapquest.com,Female,252.140.124.204
527,Garold,Robelet,grobeletem@census.gov,Male,173.28.245.184
528,Salomone,Stoile,sstoileen@blog.com,Male,107.108.172.6
529,Bourke,Colledge,bcolledgeeo@weather.com,Non-binary,51.175.207.131
530,Eleni,Stockdale,estockdaleep@bluehost.com,Female,95.165.189.201
531,Dot,Dumpleton,ddumpletoneq@devhub.com,Female,69.110.82.239
532,Marcela,MacCallum,mmaccallumer@example.com,Female,214.177.3.226
533,Greta,Von Brook,gvonbrookes@army.mil,Female,58.29.168.156
534,Sharline,Henrichs,shenrichset@dyndns.org,Female,83.174.244.239
535,Levin,Balas,lbalaseu@archive.org,Male,22.108.227.59
536,Tanhya,Cawood,tcawoodev@time.com,Female,192.23.216.53
537,Buffy,Lynds,blyndsew@soup.io,Female,139.104.193.226
538,Jany,Aslett,jaslettex@themeforest.net,Non-binary,74.250.22.49
539,Neala,Gamble,ngambleey@gmpg.org,Female,205.112.68.157
540,Bondy,Cazalet,bcazaletez@omniture.com,Bigender,113.84.109.140
541,Caryl,Aaronson,caaronsonf0@imdb.com,Female,122.171.242.202
542,Ogdon,Murricanes,omurricanesf1@jigsy.com,Male,23.76.193.26
543,Beverie,Carus,bcarusf2@naver.com,Female,95.26.7.105
544,Nappy,Batson,nbatsonf3@wiley.com,Male,179.100.11.222
545,Krispin,d' Eye,kdeyef4@businesswire.com,Genderqueer,178.214.206.164
546,Happy,Dutnall,hdutnallf5@globo.com,Female,183.111.44.59
547,Emmerich,McBean,emcbeanf6@senate.gov,Male,203.243.54.231
548,Fara,Pedri,fpedrif7@yellowbook.com,Female,0.60.221.46
549,Gerty,Mohun,gmohunf8@ning.com,Female,12.187.90.59
550,Sandie,Weddup,sweddupf9@washingtonpost.com,Female,5.147.139.173
551,Ariella,Hakonsen,ahakonsenfa@tiny.cc,Female,143.115.148.56
552,Austin,Thiem,athiemfb@cocolog-nifty.com,Female,75.35.149.66
553,Blakelee,Kollach,bkollachfc@latimes.com,Female,96.248.116.211
554,Teena,Worsom,tworsomfd@google.com.br,Female,183.200.167.150
555,Rudd,Van Cassel,rvancasselfe@histats.com,Male,143.75.151.114
556,Louis,Attfield,lattfieldff@spotify.com,Polygender,198.14.130.104
557,Ailina,Breitling,abreitlingfg@prnewswire.com,Female,36.173.214.166
558,Halli,Baverstock,hbaverstockfh@freewebs.com,Agender,33.51.81.165
559,Barde,Bowdidge,bbowdidgefi@newsvine.com,Polygender,84.170.199.78
560,Beatrice,Diffley,bdiffleyfj@goodreads.com,Female,124.13.197.43
561,Lettie,Utley,lutleyfk@timesonline.co.uk,Female,121.170.31.166
562,Tonya,Getten,tgettenfl@51.la,Female,173.73.241.250
563,Trixie,Prettyjohn,tprettyjohnfm@blogtalkradio.com,Female,174.59.240.175
564,Rey,Aliman,ralimanfn@simplemachines.org,Male,5.81.116.191
565,Sada,Hunn,shunnfo@issuu.com,Female,81.113.93.142
566,Sheila,Rafe,srafefp@yandex.ru,Female,150.74.236.49
567,Candy,Blurton,cblurtonfq@php.net,Female,52.55.33.139
568,Kennett,Charer,kcharerfr@nymag.com,Male,39.214.84.97
569,Waverley,Ledrane,wledranefs@studiopress.com,Male,199.106.145.69
570,Catlaina,Neilson,cneilsonft@nytimes.com,Female,148.209.188.47
571,Dukie,Harhoff,dharhofffu@typepad.com,Polygender,121.53.110.80
572,Emanuel,Redsull,eredsullfv@nbcnews.com,Polygender,251.3.88.255
573,Stevie,Fishe,sfishefw@mayoclinic.com,Male,245.167.27.150
574,Padgett,Canelas,pcanelasfx@bloomberg.com,Male,107.157.162.46
575,Herbie,Morten,hmortenfy@globo.com,Male,193.168.79.175
576,Anallise,Mulloch,amullochfz@mashable.com,Female,14.111.253.166
577,Dyana,Filippone,dfilipponeg0@eepurl.com,Female,224.240.192.22
578,Foss,Agney,fagneyg1@google.fr,Bigender,125.101.155.20
579,Clary,Deluce,cdeluceg2@home.pl,Female,135.1.64.121
580,Darya,Tillett,dtillettg3@1und1.de,Female,97.14.51.68
581,Edyth,Southcombe,esouthcombeg4@feedburner.com,Female,1.156.220.90
582,Tiffani,Beevens,tbeevensg5@reuters.com,Female,226.178.225.152
583,Stefano,McVeigh,smcveighg6@last.fm,Male,232.150.89.23
584,Colby,Last,clastg7@myspace.com,Male,135.110.38.236
585,Kirstin,Grantham,kgranthamg8@bbb.org,Genderfluid,208.221.16.120
586,Zorana,Akred,zakredg9@reference.com,Female,111.249.44.59
587,Galvan,Biddle,gbiddlega@ucoz.com,Male,92.223.81.199
588,Anatole,Maroney,amaroneygb@state.gov,Male,129.147.85.168
589,Dulcy,Castagnaro,dcastagnarogc@apache.org,Female,165.79.252.145
590,Waylon,Chastelain,wchastelaingd@webmd.com,Male,131.174.164.30
591,Toby,Challener,tchallenerge@webmd.com,Female,224.96.173.196
592,Cori,Dirkin,cdirkingf@sun.com,Male,154.20.117.190
593,Arleen,McKennan,amckennangg@guardian.co.uk,Female,131.68.95.179
594,Hakeem,Tankard,htankardgh@ameblo.jp,Male,142.79.59.36
595,Kirsti,Peinke,kpeinkegi@indiegogo.com,Female,125.176.182.143
596,Daryl,Wadie,dwadiegj@imgur.com,Female,209.225.16.169
597,Jeana,Turle,jturlegk@printfriendly.com,Female,245.248.120.216
598,Kate,Morsley,kmorsleygl@prweb.com,Female,186.225.65.229
599,Nealson,Castelain,ncastelaingm@sciencedaily.com,Male,21.17.247.193
600,Vyky,Bloggett,vbloggettgn@flavors.me,Female,21.189.167.75
601,Fayre,Wye,fwyego@creativecommons.org,Female,159.115.9.92
602,Malena,Tubb,mtubbgp@buzzfeed.com,Female,235.109.164.0
603,Saundra,Ottley,sottleygq@epa.gov,Female,176.70.40.193
604,Perl,O'Hartnedy,pohartnedygr@pen.io,Female,199.26.183.198
605,Vassily,Radley,vradleygs@who.int,Male,237.147.100.174
606,Cindra,Bridgman,cbridgmangt@newyorker.com,Female,193.226.80.70
607,Corie,Humburton,chumburtongu@photobucket.com,Female,11.34.239.204
608,Erwin,Tocher,etochergv@phoca.cz,Agender,25.23.128.108
609,Albie,Dericot,adericotgw@4shared.com,Male,87.228.176.131
610,Kareem,Webber,kwebbergx@baidu.com,Male,38.71.207.222
611,Donn,Stainbridge,dstainbridgegy@adobe.com,Male,235.85.233.12
612,Sybil,Mateo,smateogz@1688.com,Female,76.95.34.129
613,Loralie,Bisp,lbisph0@over-blog.com,Female,128.183.15.167
614,Leora,Gook,lgookh1@123-reg.co.uk,Female,191.222.139.43
615,Ashton,Antonias,aantoniash2@scientificamerican.com,Male,72.14.1.229
616,Bartholemy,Broodes,bbroodesh3@bloomberg.com,Male,234.25.241.21
617,Melesa,Malarkey,mmalarkeyh4@theguardian.com,Female,220.0.39.39
618,Imogene,Covotto,icovottoh5@mlb.com,Female,170.113.195.186
619,Korry,Burcher,kburcherh6@weather.com,Female,202.184.125.131
620,Sheree,Lestor,slestorh7@stanford.edu,Female,85.170.178.116
621,Wadsworth,Ravenscraft,wravenscrafth8@reddit.com,Male,177.239.125.151
622,Korella,Paulsen,kpaulsenh9@un.org,Female,216.126.18.113
623,Mirelle,Bartens,mbartensha@trellian.com,Female,143.85.251.252
624,Bronny,Liggens,bliggenshb@fotki.com,Male,224.117.189.152
625,Judy,Hurdidge,jhurdidgehc@ihg.com,Female,243.92.3.119
626,Ingar,Crighton,icrightonhd@symantec.com,Male,102.238.169.61
627,Jo,Sivior,jsiviorhe@paginegialle.it,Bigender,195.226.210.69
628,Josh,Carden,jcardenhf@mit.edu,Male,20.196.70.62
629,Brion,Goldhawk,bgoldhawkhg@ocn.ne.jp,Male,178.42.237.93
630,Mattie,Coultish,mcoultishhh@state.gov,Female,99.186.66.58
631,Ricardo,Souster,rsousterhi@addthis.com,Male,100.60.4.126
632,Braden,Stebbin,bstebbinhj@sohu.com,Male,53.186.36.216
633,Tallie,Becket,tbeckethk@techcrunch.com,Polygender,92.238.19.233
634,Rob,Minerdo,rminerdohl@webeden.co.uk,Male,242.57.97.173
635,Jeanie,Thunnercliffe,jthunnercliffehm@phpbb.com,Female,207.89.56.34
636,Robbyn,Loft,rlofthn@columbia.edu,Polygender,59.206.247.226
637,Jan,Elmhurst,jelmhurstho@networksolutions.com,Female,255.32.246.16
638,Kizzie,Scothron,kscothronhp@fastcompany.com,Bigender,89.210.115.26
639,Odelia,Mitkin,omitkinhq@yolasite.com,Female,98.112.84.119
640,Milt,Fifield,mfifieldhr@instagram.com,Male,0.142.233.84
641,Vanya,Tortoishell,vtortoishellhs@ucoz.ru,Female,248.101.6.30
642,Emalia,Baylay,ebaylayht@guardian.co.uk,Female,92.39.236.48
643,Roanna,Algate,ralgatehu@woothemes.com,Female,182.162.74.170
644,Osmund,Meehan,omeehanhv@imageshack.us,Male,112.178.196.156
645,Chrisy,Beteriss,cbeterisshw@zdnet.com,Agender,93.170.248.224
646,Milzie,Addey,maddeyhx@ow.ly,Female,191.185.114.217
647,Alfreda,Larcher,alarcherhy@deviantart.com,Female,4.12.210.171
648,Stacey,Aldington,saldingtonhz@hc360.com,Female,79.151.104.125
649,Deb,Tieman,dtiemani0@plala.or.jp,Female,196.51.157.16
650,Pancho,Brymner,pbrymneri1@newsvine.com,Non-binary,36.178.235.12
651,Bernelle,Brimmicombe,bbrimmicombei2@disqus.com,Female,193.216.106.104
652,Russell,Limming,rlimmingi3@yelp.com,Male,158.5.222.152
653,Meade,Weins,mweinsi4@flavors.me,Female,7.60.138.207
654,Kenon,Martin,kmartini5@ifeng.com,Male,92.157.115.176
655,Gay,Rittmeier,grittmeieri6@oaic.gov.au,Female,142.16.11.223
656,Ashley,Gergler,agergleri7@youtube.com,Genderqueer,108.9.117.213
657,Tatiania,Kleinsmuntz,tkleinsmuntzi8@geocities.jp,Female,23.125.109.196
658,Emmet,Nelissen,enelisseni9@soundcloud.com,Male,24.130.71.217
659,Dot,Brawley,dbrawleyia@upenn.edu,Female,136.59.135.192
660,Jose,Ratazzi,jratazziib@facebook.com,Male,116.61.20.110
661,Ron,Veryan,rveryanic@digg.com,Male,94.0.190.61
662,Goober,Hattersley,ghattersleyid@hhs.gov,Male,235.206.184.53
663,Andrei,Wrathmell,awrathmellie@tripadvisor.com,Female,201.66.27.48
664,Rooney,Ivashkov,rivashkovif@cam.ac.uk,Male,119.130.48.27
665,Rriocard,Dorrins,rdorrinsig@usda.gov,Male,225.166.76.39
666,Dacey,Yushin,dyushinih@squarespace.com,Non-binary,198.180.103.44
667,Karoline,Yaakov,kyaakovii@feedburner.com,Female,205.153.245.233
668,Lelia,Walshe,lwalsheij@sciencedirect.com,Agender,78.47.8.237
669,Brita,Lawman,blawmanik@examiner.com,Female,30.163.221.122
670,Hurlee,Wasiel,hwasielil@jiathis.com,Male,227.249.37.65
671,Charin,Stinson,cstinsonim@chron.com,Female,196.245.25.21
672,Keelia,Gellan,kgellanin@noaa.gov,Female,165.207.236.125
673,Martelle,Garrood,mgarroodio@umich.edu,Female,176.88.118.86
674,Ruttger,Truran,rtruranip@mysql.com,Male,62.113.191.84
675,Isidora,Crocetti,icrocettiiq@ibm.com,Female,145.62.112.141
676,Barron,Theuss,btheussir@google.com.br,Male,126.255.82.68
677,Lulu,Bauduin,lbauduinis@umich.edu,Female,186.3.38.41
678,Binni,Skehan,bskehanit@china.com.cn,Genderfluid,21.91.4.150
679,Kingston,Kenealy,kkenealyiu@privacy.gov.au,Male,197.123.176.19
680,Erie,Frobisher,efrobisheriv@cdc.gov,Male,220.93.104.210
681,Othelia,Gunter,ogunteriw@cargocollective.com,Female,31.92.220.47
682,Randolf,Wilacot,rwilacotix@purevolume.com,Male,253.122.17.181
683,Swen,Pippard,spippardiy@mapquest.com,Male,14.32.117.254
684,Tobit,Wrey,twreyiz@soup.io,Male,175.13.49.146
685,Urbano,Tulley,utulleyj0@nydailynews.com,Male,174.120.33.170
686,Aridatha,Burgess,aburgessj1@ted.com,Female,61.133.120.85
687,Valli,Bendall,vbendallj2@sciencedirect.com,Female,64.9.91.147
688,Brandy,Krook,bkrookj3@blinklist.com,Female,238.142.145.23
689,Siouxie,Ventura,sventuraj4@samsung.com,Female,22.141.80.92
690,Reinold,Haughan,rhaughanj5@usa.gov,Male,250.10.255.203
691,Cathy,Dyson,cdysonj6@themeforest.net,Female,205.136.2.72
692,Liv,Toone,ltoonej7@dyndns.org,Female,170.200.106.183
693,Padriac,Plumbridge,pplumbridgej8@nationalgeographic.com,Bigender,225.202.17.168
694,Mandie,Oldcote,moldcotej9@cocolog-nifty.com,Female,123.115.166.28
695,Kendall,Bradley,kbradleyja@vinaora.com,Male,75.95.103.141
696,Constantina,O'Fihillie,cofihilliejb@acquirethisname.com,Female,225.156.193.240
697,Christine,Wasielewski,cwasielewskijc@yale.edu,Female,140.102.199.123
698,Jerrie,Tremonte,jtremontejd@wikipedia.org,Genderfluid,47.166.3.179
699,Ardisj,O'Doghesty,aodoghestyje@ca.gov,Female,192.73.49.60
700,Thadeus,Marmon,tmarmonjf@marketwatch.com,Male,240.161.20.161
701,Adella,Farnfield,afarnfieldjg@latimes.com,Bigender,158.220.195.235
702,Agnesse,Piffe,apiffejh@ucla.edu,Female,149.155.51.211
703,Olivier,Lydiate,olydiateji@unicef.org,Male,107.75.128.26
704,Tad,Pretor,tpretorjj@uiuc.edu,Male,253.95.119.9
705,Nehemiah,Carvilla,ncarvillajk@google.com.au,Male,133.133.13.22
706,Tatiania,Ewers,tewersjl@archive.org,Female,33.129.162.150
707,Lina,Chardin,lchardinjm@nytimes.com,Female,155.6.99.131
708,Theodor,Ponder,tponderjn@rakuten.co.jp,Male,143.155.26.119
709,Honor,Blanch,hblanchjo@marketwatch.com,Female,101.212.43.192
710,Ricard,Butt Gow,rbuttgowjp@google.co.uk,Male,68.133.126.25
711,Issiah,Slamaker,islamakerjq@usda.gov,Male,181.36.165.222
712,Aluin,Acheson,aachesonjr@cpanel.net,Male,35.52.86.115
713,Minda,Cochran,mcochranjs@feedburner.com,Female,177.73.158.59
714,Blanche,Sprague,bspraguejt@shareasale.com,Female,122.151.4.238
715,Curtis,Goymer,cgoymerju@plala.or.jp,Male,206.244.176.49
716,Arin,Wenn,awennjv@hubpages.com,Non-binary,89.37.20.144
717,Hanson,Stiegar,hstiegarjw@twitpic.com,Male,177.56.130.242
718,Emilio,Hrynczyk,ehrynczykjx@mit.edu,Male,210.97.49.174
719,Ashleigh,Brislan,abrislanjy@vimeo.com,Female,16.233.145.56
720,Skelly,Jefferies,sjefferiesjz@barnesandnoble.com,Bigender,152.146.26.173
721,Marjie,Humm,mhummk0@desdev.cn,Female,168.104.228.155
722,Charlena,Wither,cwitherk1@digg.com,Genderfluid,84.205.81.3
723,Gaspar,Ladbrooke,gladbrookek2@sphinn.com,Male,27.199.45.245
724,Chris,Rathbone,crathbonek3@omniture.com,Male,26.229.11.165
725,Indira,Howson,ihowsonk4@hexun.com,Female,124.61.32.220
726,Sunny,Coggon,scoggonk5@163.com,Female,103.52.146.210
727,Vlad,Lindegard,vlindegardk6@ibm.com,Male,48.160.168.252
728,Adella,Flescher,aflescherk7@fotki.com,Female,30.90.138.204
729,Ansel,Santoro,asantorok8@squidoo.com,Male,147.102.21.189
730,Katerina,Leaming,kleamingk9@hhs.gov,Female,113.143.244.248
731,Karmen,Sommerville,ksommervilleka@alexa.com,Female,89.216.171.134
732,Chase,Gibbeson,cgibbesonkb@ask.com,Male,109.13.204.34
733,Sax,Winckworth,swinckworthkc@mayoclinic.com,Male,36.236.127.0
734,Kamilah,Deackes,kdeackeskd@simplemachines.org,Female,205.177.127.145
735,Bernardina,Hick,bhickke@sphinn.com,Female,39.144.194.38
736,Corissa,Savin,csavinkf@bizjournals.com,Female,65.80.199.185
737,Fredra,Menezes,fmenezeskg@wisc.edu,Female,54.180.220.210
738,Chlo,Royse,croysekh@eventbrite.com,Female,164.243.226.105
739,Pauly,Goodby,pgoodbyki@etsy.com,Male,241.227.180.41
740,Alano,Renforth,arenforthkj@nih.gov,Genderqueer,174.208.194.72
741,Rozanna,MacMarcuis,rmacmarcuiskk@sun.com,Female,49.187.110.45
742,Wallis,Curry,wcurrykl@technorati.com,Female,74.15.193.63
743,Ulrick,Jammes,ujammeskm@epa.gov,Male,80.190.113.105
744,Quinton,Korda,qkordakn@reverbnation.com,Genderqueer,69.5.23.52
745,Franklyn,Joskowitz,fjoskowitzko@springer.com,Male,243.250.209.115
746,Berkly,Midgley,bmidgleykp@indiatimes.com,Male,136.44.157.219
747,Vilma,Dukesbury,vdukesburykq@delicious.com,Female,240.158.54.90
748,Fan,Lawrie,flawriekr@issuu.com,Female,114.16.250.251
749,Devora,Fitzpayn,dfitzpaynks@cmu.edu,Female,61.40.58.144
750,Nelly,McCurtain,nmccurtainkt@last.fm,Bigender,187.117.168.187
751,Karylin,Bachnic,kbachnicku@squarespace.com,Female,239.169.148.191
752,Lethia,Farfalameev,lfarfalameevkv@huffingtonpost.com,Female,139.215.128.26
753,Godfree,Whiles,gwhileskw@sun.com,Male,169.246.223.22
754,Estele,Matzkaitis,ematzkaitiskx@nationalgeographic.com,Female,149.109.24.27
755,Aleen,MacRedmond,amacredmondky@phoca.cz,Bigender,139.192.26.5
756,Jamison,Raikes,jraikeskz@microsoft.com,Agender,31.159.251.25
757,Harold,Dearnaley,hdearnaleyl0@yahoo.co.jp,Male,106.49.44.183
758,Ana,Boribal,aboriball1@ed.gov,Female,207.49.74.28
759,Garvy,Le - Count,glecountl2@gravatar.com,Male,117.190.59.149
760,Drucie,Ties,dtiesl3@examiner.com,Female,68.175.44.131
761,Stanwood,Djorevic,sdjorevicl4@php.net,Male,122.213.151.173
762,Bord,Chantree,bchantreel5@house.gov,Male,229.155.120.175
763,Cullan,Brackstone,cbrackstonel6@google.cn,Male,76.193.133.216
764,Renaldo,MacConnechie,rmacconnechiel7@jalbum.net,Male,226.124.29.210
765,Christoper,Hitzschke,chitzschkel8@a8.net,Male,128.28.145.93
766,Arlan,Leupold,aleupoldl9@huffingtonpost.com,Male,208.11.168.117
767,Kimbell,Stainland,kstainlandla@hubpages.com,Male,30.31.239.77
768,Marta,Murrell,mmurrelllb@zimbio.com,Female,107.244.73.180
769,Adler,Pym,apymlc@seesaa.net,Male,87.125.5.172
770,Aluino,Paszek,apaszekld@chron.com,Male,56.62.77.142
771,Trenna,Jeannard,tjeannardle@google.pl,Female,218.44.120.147
772,Gard,Roelvink,groelvinklf@goodreads.com,Male,105.28.129.232
773,Zak,Swansborough,zswansboroughlg@buzzfeed.com,Male,80.211.61.176
774,Russ,Bardell,rbardelllh@berkeley.edu,Male,11.41.142.170
775,Lonnie,Brownbill,lbrownbillli@ucoz.com,Male,162.113.89.234
776,Skye,Stoffers,sstofferslj@kickstarter.com,Male,194.65.58.37
777,Lyssa,Curner,lcurnerlk@weebly.com,Female,135.235.163.209
778,Pattin,Patient,ppatientll@ftc.gov,Bigender,143.33.193.32
779,Norina,Hutcheson,nhutchesonlm@phpbb.com,Female,187.79.171.204
780,Abraham,Bonnet,abonnetln@illinois.edu,Genderqueer,57.193.130.30
781,Kale,Geillier,kgeillierlo@furl.net,Male,212.179.9.213
782,Delainey,Sammons,dsammonslp@pcworld.com,Male,208.194.217.3
783,Sandro,Lande,slandelq@columbia.edu,Male,229.93.236.139
784,Gabrila,Lawrinson,glawrinsonlr@photobucket.com,Female,37.59.56.82
785,Emory,Ewles,eewlesls@wufoo.com,Male,64.154.130.126
786,Tomlin,McGunley,tmcgunleylt@archive.org,Polygender,33.59.25.80
787,Truda,Rivenzon,trivenzonlu@slideshare.net,Bigender,84.13.13.183
788,Koren,Churn,kchurnlv@oakley.com,Female,180.100.202.233
789,Vanni,Schrei,vschreilw@netvibes.com,Female,239.36.222.82
790,Andeee,O'Reilly,aoreillylx@telegraph.co.uk,Female,5.137.29.89
791,Christy,MacGorrie,cmacgorriely@bbb.org,Genderfluid,198.191.169.239
792,Venus,Dunklee,vdunkleelz@europa.eu,Female,144.54.149.130
793,Nonna,Holdren,nholdrenm0@phoca.cz,Bigender,18.233.183.63
794,Jay,Jurgensen,jjurgensenm1@unblog.fr,Male,130.112.86.75
795,Daphna,Le Fleming,dleflemingm2@studiopress.com,Female,40.192.224.1
796,Marchall,Heskins,mheskinsm3@moonfruit.com,Male,209.71.237.18
797,Melania,Filgate,mfilgatem4@vimeo.com,Female,233.215.57.85
798,Nina,Rickasse,nrickassem5@usa.gov,Female,31.67.3.0
799,Buddy,Osband,bosbandm6@dedecms.com,Male,248.8.207.117
800,Hanni,Brafferton,hbraffertonm7@youtube.com,Female,16.6.127.121
801,Wallache,Merrall,wmerrallm8@latimes.com,Male,1.170.65.32
802,Claudio,Jeffray,cjeffraym9@about.me,Genderqueer,20.86.16.33
803,Bertie,Landrieu,blandrieuma@biblegateway.com,Male,104.58.40.204
804,Brok,Sturney,bsturneymb@quantcast.com,Male,227.163.59.136
805,Rosanne,Purver,rpurvermc@loc.gov,Female,81.99.83.207
806,Perri,Scholey,pscholeymd@joomla.org,Female,251.252.185.229
807,Renee,Linklet,rlinkletme@ning.com,Female,169.175.34.76
808,Marianne,Parmer,mparmermf@dagondesign.com,Female,121.233.29.43
809,Von,Fechnie,vfechniemg@usatoday.com,Non-binary,126.60.79.111
810,Roland,Alexandrescu,ralexandrescumh@blogs.com,Male,137.81.218.164
811,Wilma,Tapley,wtapleymi@meetup.com,Female,37.204.100.22
812,Alice,Meighan,ameighanmj@slideshare.net,Female,175.16.68.210
813,Seka,Crevy,screvymk@bluehost.com,Female,248.113.142.19
814,Worth,Kingswood,wkingswoodml@over-blog.com,Male,79.120.211.228
815,Fidel,Brennand,fbrennandmm@ucoz.com,Male,0.163.169.179
816,Lock,Geeson,lgeesonmn@google.es,Male,149.198.142.210
817,Gennie,Grenville,ggrenvillemo@discovery.com,Female,128.153.65.253
818,Nedi,Thurstan,nthurstanmp@uol.com.br,Female,203.189.2.4
819,Forest,Leggitt,fleggittmq@msu.edu,Male,127.199.192.84
820,Noella,Ruilton,nruiltonmr@mapy.cz,Female,125.47.162.63
821,Ario,Desorts,adesortsms@yellowbook.com,Male,90.8.118.100
822,Inger,Radbone,iradbonemt@gnu.org,Female,96.22.211.237
823,Darsey,Ginman,dginmanmu@guardian.co.uk,Female,17.60.92.1
824,Thatch,Keoghan,tkeoghanmv@newyorker.com,Male,8.102.117.229
825,Thomasa,Follitt,tfollittmw@usda.gov,Female,51.51.173.240
826,Arin,Note,anotemx@psu.edu,Male,65.181.178.212
827,Rurik,Simmank,rsimmankmy@taobao.com,Male,90.176.96.227
828,Kelila,Woolens,kwoolensmz@google.co.jp,Female,139.32.149.10
829,Dorice,Meredyth,dmeredythn0@google.ca,Female,4.104.64.55
830,Dario,Girodon,dgirodonn1@bandcamp.com,Male,74.246.187.69
831,Calla,Walker,cwalkern2@soup.io,Female,30.135.78.42
832,Kerri,Knibb,kknibbn3@ifeng.com,Female,68.159.233.219
833,Winthrop,Stonhewer,wstonhewern4@deliciousdays.com,Genderqueer,55.177.197.42
834,Dorolisa,Sibbering,dsibberingn5@tamu.edu,Female,126.161.47.159
835,Harlene,Bullick,hbullickn6@guardian.co.uk,Female,131.148.208.141
836,Caitrin,Bruckmann,cbruckmannn7@pcworld.com,Female,52.31.218.141
837,Chrissy,Ingall,cingalln8@forbes.com,Male,133.213.1.201
838,Sashenka,Killner,skillnern9@vistaprint.com,Female,31.106.76.185
839,Kristian,Gianninotti,kgianninottina@google.co.uk,Male,108.29.180.183
840,Lynelle,Vigors,lvigorsnb@xing.com,Female,126.65.62.91
841,Marchelle,Peat,mpeatnc@lycos.com,Female,93.110.122.94
842,Clark,Havesides,chavesidesnd@g.co,Male,15.120.152.225
843,Edik,Dewfall,edewfallne@topsy.com,Male,135.24.50.165
844,Wain,Hoopper,whooppernf@uol.com.br,Male,1.116.225.93
845,Cirstoforo,Leith-Harvey,cleithharveyng@cyberchimps.com,Genderqueer,125.229.89.79
846,Samuel,Janca,sjancanh@behance.net,Male,124.54.245.114
847,Barret,Probate,bprobateni@ibm.com,Male,113.133.69.1
848,Kameko,Wardell,kwardellnj@ucoz.ru,Female,140.210.128.191
849,Louisa,Watkiss,lwatkissnk@behance.net,Female,93.97.15.100
850,Maynard,Hubbins,mhubbinsnl@t.co,Male,62.8.38.108
851,Gunilla,Tissington,gtissingtonnm@elegantthemes.com,Female,119.80.147.7
852,Barnabas,Ever,bevernn@usda.gov,Male,70.51.47.39
853,Keeley,Bramham,kbramhamno@4shared.com,Female,69.217.183.218
854,Heinrick,Elster,helsternp@networksolutions.com,Male,6.105.182.93
855,Sibylle,Pudge,spudgenq@elegantthemes.com,Female,159.13.252.98
856,Sherwood,Duddy,sduddynr@auda.org.au,Male,234.124.173.90
857,Coreen,Summerson,csummersonns@java.com,Female,10.193.213.78
858,Vaughn,Shurey,vshureynt@goo.gl,Male,216.67.137.25
859,Hewe,Abeles,habelesnu@msu.edu,Male,139.29.199.249
860,Kesley,Kleinert,kkleinertnv@behance.net,Female,181.7.162.151
861,Hernando,Leggett,hleggettnw@virginia.edu,Polygender,209.13.6.187
862,Flore,Stonhewer,fstonhewernx@newyorker.com,Female,113.21.127.210
863,Hillery,Meys,hmeysny@admin.ch,Male,18.118.192.44
864,Minerva,Matokhnin,mmatokhninnz@chronoengine.com,Female,162.115.34.231
865,Hal,Elkins,helkinso0@ask.com,Male,59.139.177.222
866,Oswald,Basten,obasteno1@mit.edu,Male,5.4.40.44
867,Niko,Jestico,njesticoo2@washingtonpost.com,Male,29.115.171.90
868,Menard,Redwing,mredwingo3@wsj.com,Male,94.248.13.250
869,Maynord,Tuft,mtufto4@4shared.com,Male,126.21.71.240
870,Nada,Hawgood,nhawgoodo5@purevolume.com,Female,173.173.134.16
871,Justis,Ferre,jferreo6@comcast.net,Male,124.118.14.12
872,Akim,Peachey,apeacheyo7@acquirethisname.com,Genderfluid,82.231.181.76
873,Cherilyn,Mollindinia,cmollindiniao8@google.ru,Female,84.54.155.18
874,Alica,Melpuss,amelpusso9@reference.com,Female,13.121.232.213
875,Marillin,Skirvane,mskirvaneoa@creativecommons.org,Female,74.223.112.69
876,Orelee,Buckthorpe,obuckthorpeob@statcounter.com,Female,221.122.180.234
877,Harry,Fromont,hfromontoc@senate.gov,Male,27.72.201.248
878,Ddene,Ortmann,dortmannod@psu.edu,Female,232.7.209.107
879,Perren,Mattessen,pmattessenoe@example.com,Male,150.164.2.111
880,Cece,Ottery,cotteryof@ezinearticles.com,Male,223.173.208.132
881,Davine,Moran,dmoranog@digg.com,Female,112.25.98.229
882,Deina,Suston,dsustonoh@tiny.cc,Female,140.28.73.165
883,Gertrudis,Edmondson,gedmondsonoi@ted.com,Female,114.37.29.44
884,Robin,Spawton,rspawtonoj@gnu.org,Non-binary,247.159.176.52
885,Kylynn,Tew,ktewok@trellian.com,Female,76.213.194.62
886,Emmott,Speck,especkol@cocolog-nifty.com,Male,104.183.84.110
887,Roth,Scurrell,rscurrellom@live.com,Male,79.228.165.170
888,Banky,Loddon,bloddonon@techcrunch.com,Male,1.170.151.73
889,Dalis,Gockeler,dgockeleroo@cam.ac.uk,Genderqueer,49.239.75.163
890,Stevy,Bamling,sbamlingop@usda.gov,Male,187.240.24.250
891,Adolpho,McIlory,amciloryoq@example.com,Male,236.38.54.53
892,Roderich,McLice,rmcliceor@webmd.com,Male,177.203.72.148
893,Farrel,Leber,fleberos@cnbc.com,Male,174.15.150.176
894,Yetty,Khristoforov,ykhristoforovot@parallels.com,Female,92.105.244.67
895,Gwendolyn,Boyne,gboyneou@odnoklassniki.ru,Female,39.205.127.54
896,Joye,Emanuel,jemanuelov@forbes.com,Female,147.222.3.63
897,Ginny,Rivett,grivettow@smugmug.com,Female,176.246.137.254
898,Avivah,Brammar,abrammarox@npr.org,Genderqueer,250.193.238.70
899,Travus,Babbidge,tbabbidgeoy@japanpost.jp,Genderqueer,37.233.100.87
900,Garv,Stebbings,gstebbingsoz@imageshack.us,Male,220.243.133.119
901,Bernhard,Blackbrough,bblackbroughp0@edublogs.org,Male,4.119.144.150
902,Cori,Gossan,cgossanp1@go.com,Male,242.30.195.214
903,Lanie,Salla,lsallap2@sohu.com,Male,76.245.254.69
904,Sallee,Rollo,srollop3@fotki.com,Female,67.194.254.12
905,June,Guerry,jguerryp4@upenn.edu,Female,174.113.142.224
906,Grady,Wewell,gwewellp5@livejournal.com,Male,191.56.180.202
907,Nedi,Galea,ngaleap6@pcworld.com,Genderqueer,216.63.101.209
908,Sherlock,Milvarnie,smilvarniep7@apache.org,Male,106.145.169.57
909,Jourdain,Stede,jstedep8@addthis.com,Male,139.20.207.235
910,Evvy,Berkely,eberkelyp9@cnet.com,Female,81.126.153.45
911,Stafford,Mulles,smullespa@theguardian.com,Male,238.33.198.207
912,Arlee,Milstead,amilsteadpb@ow.ly,Female,166.197.38.94
913,Erick,Broadfield,ebroadfieldpc@unc.edu,Male,119.86.253.141
914,Aldon,Cess,acesspd@china.com.cn,Male,196.115.80.129
915,Davy,Mabey,dmabeype@woothemes.com,Male,185.232.193.64
916,Banky,Antoniewski,bantoniewskipf@fc2.com,Agender,155.241.191.60
917,Kit,Housego,khousegopg@cisco.com,Male,206.97.63.121
918,Quintus,Tanswell,qtanswellph@skyrock.com,Male,109.234.74.236
919,Addie,Claypoole,aclaypoolepi@squarespace.com,Male,38.204.107.111
920,Udall,Dan,udanpj@gmpg.org,Male,95.16.27.228
921,Fred,Joice,fjoicepk@mapy.cz,Male,193.85.35.19
922,Glyn,Haken,ghakenpl@bravesites.com,Female,145.227.250.226
923,Pierette,Hartles,phartlespm@flickr.com,Female,37.44.240.91
924,Nalani,Digwood,ndigwoodpn@blogger.com,Female,142.117.107.29
925,Merwin,Mayers,mmayerspo@constantcontact.com,Male,197.42.83.88
926,Ad,Krienke,akrienkepp@com.com,Male,148.241.129.38
927,Pete,Whissell,pwhissellpq@constantcontact.com,Male,11.194.81.164
928,Lorene,Winspar,lwinsparpr@rediff.com,Female,245.197.32.110
929,Lira,Proudler,lproudlerps@amazon.co.jp,Female,199.182.149.122
930,Addy,Lonnon,alonnonpt@loc.gov,Male,217.150.51.223
931,Rickey,Clift,rcliftpu@bizjournals.com,Male,90.21.52.215
932,Cloe,Rieflin,crieflinpv@edublogs.org,Female,192.234.82.234
933,Camile,Krugmann,ckrugmannpw@miitbeian.gov.cn,Bigender,42.160.199.142
934,Lila,Keizman,lkeizmanpx@ask.com,Female,82.77.154.31
935,Thacher,Poulgreen,tpoulgreenpy@unblog.fr,Agender,31.212.130.38
936,Anton,Fuller,afullerpz@yellowpages.com,Male,155.104.41.130
937,Gris,Martusewicz,gmartusewiczq0@opera.com,Male,127.61.152.60
938,Neddy,Mousby,nmousbyq1@sciencedirect.com,Male,181.120.66.121
939,Kaleena,Callear,kcallearq2@va.gov,Female,119.36.28.207
940,Patrice,Portwain,pportwainq3@naver.com,Female,255.44.88.62
941,Duky,Hedditeh,dhedditehq4@usda.gov,Polygender,98.220.236.32
942,Marcus,France,mfranceq5@hhs.gov,Male,3.87.75.209
943,Merrel,Senyard,msenyardq6@reddit.com,Male,78.70.150.217
944,Bax,Andryushin,bandryushinq7@thetimes.co.uk,Male,22.152.80.168
945,Myra,Gabriel,mgabrielq8@utexas.edu,Female,229.4.141.47
946,Heida,Ridesdale,hridesdaleq9@nyu.edu,Female,46.245.92.255
947,Tiffi,Caurah,tcaurahqa@1688.com,Female,89.226.44.99
948,Lise,Yedy,lyedyqb@shinystat.com,Female,136.221.122.16
949,Chaim,Clyma,cclymaqc@oakley.com,Male,200.223.184.55
950,Elena,Dennett,edennettqd@jugem.jp,Female,124.152.47.42
951,Lilyan,Bentame,lbentameqe@blogs.com,Female,20.253.182.204
952,Nollie,Robbins,nrobbinsqf@answers.com,Female,126.128.86.44
953,Carmelia,Zannini,czanniniqg@intel.com,Female,21.64.63.107
954,Dunstan,Elstob,delstobqh@ustream.tv,Male,12.16.31.170
955,Jozef,Capstaff,jcapstaffqi@loc.gov,Bigender,186.220.115.45
956,Ginger,Lilburn,glilburnqj@indiegogo.com,Female,196.127.98.202
957,Chrissie,Seys,cseysqk@arstechnica.com,Male,35.51.124.42
958,Mohandis,Glazebrook,mglazebrookql@amazon.de,Male,163.16.162.7
959,Jeffie,Snook,jsnookqm@oracle.com,Male,226.86.253.152
960,Trevar,Oldmeadow,toldmeadowqn@sun.com,Male,95.73.155.140
961,Bear,Hearmon,bhearmonqo@feedburner.com,Male,203.13.156.44
962,Leicester,Brizell,lbrizellqp@apache.org,Male,139.62.253.6
963,Rhiamon,Vassay,rvassayqq@hp.com,Female,168.222.32.118
964,Kora,Sowthcote,ksowthcoteqr@java.com,Female,235.206.74.175
965,Barthel,Drust,bdrustqs@princeton.edu,Male,239.233.253.70
966,Selle,Selvester,sselvesterqt@icq.com,Female,243.19.34.203
967,Tamarah,Venour,tvenourqu@chicagotribune.com,Female,18.139.202.81
968,Brad,Tour,btourqv@netvibes.com,Polygender,109.56.174.122
969,Reeta,Colkett,rcolkettqw@fc2.com,Female,199.169.164.135
970,Robby,Pothecary,rpothecaryqx@networksolutions.com,Male,218.110.31.9
971,Cesare,Danielli,cdanielliqy@reddit.com,Male,194.182.95.101
972,Vlad,Gullane,vgullaneqz@stumbleupon.com,Male,10.217.253.70
973,Coletta,Cordrey,ccordreyr0@sohu.com,Bigender,31.43.3.174
974,Garrek,Coltart,gcoltartr1@jalbum.net,Male,211.73.61.191
975,Zarah,Gozney,zgozneyr2@edublogs.org,Female,108.172.157.218
976,Joel,Emms,jemmsr3@1688.com,Male,129.239.58.70
977,Tarrah,Chaffey,tchaffeyr4@usatoday.com,Non-binary,105.8.37.223
978,Fran,Blythe,fblyther5@goodreads.com,Female,145.170.170.193
979,Dewie,Bibbie,dbibbier6@51.la,Male,102.197.222.201
980,Gretna,Tenny,gtennyr7@army.mil,Female,126.11.75.0
981,Aeriell,Copley,acopleyr8@pinterest.com,Female,245.25.14.243
982,Greta,Margery,gmargeryr9@list-manage.com,Female,86.24.131.180
983,Margalit,Jurasz,mjuraszra@elegantthemes.com,Female,203.178.98.216
984,Jillene,Phelip,jpheliprb@nhs.uk,Female,17.52.93.114
985,Lauralee,MacMickan,lmacmickanrc@usda.gov,Female,176.224.121.250
986,Remington,Brailey,rbraileyrd@abc.net.au,Male,73.160.172.122
987,Ferrel,MacRury,fmacruryre@joomla.org,Male,68.251.197.8
988,Milt,Linck,mlinckrf@clickbank.net,Male,149.15.212.46
989,Angelina,Ferrer,aferrerrg@cbc.ca,Female,7.88.241.197
990,Rutter,Casemore,rcasemorerh@mtv.com,Male,163.55.210.120
991,Carson,Cranefield,ccranefieldri@mozilla.com,Male,224.59.223.13
992,Bobbie,Goodall,bgoodallrj@irs.gov,Male,169.117.90.131
993,David,Grent,dgrentrk@usnews.com,Male,98.116.143.208
994,Arabel,Sowerby,asowerbyrl@businesswire.com,Female,140.161.148.83
995,Stormi,Vedeniktov,svedeniktovrm@columbia.edu,Female,158.4.59.198
996,Freida,Cattle,fcattlern@1und1.de,Female,151.202.38.139
997,Shell,Derdes,sderdesro@mashable.com,Bigender,202.193.5.154
998,Allen,Spincke,aspinckerp@blogger.com,Male,151.230.68.52
999,Theodoric,Trundler,ttrundlerrq@csmonitor.com,Male,165.250.144.202
1000,Clemente,Strahan,cstrahanrr@cnbc.com,Male,76.135.219.72
